Mood,StyleTrend,Description,SassyComment,Emoji
Happy,Bright Colours,"Vibrant colours, playful patterns, and happy vibes.",Shine bright like the star you are! âœ¨ğŸŒ,ğŸŒâœ¨ğŸ’…
Sad,Oversized Sweaters,"Comfy oversized sweaters, leggings, and cozy footwear.","Comfy chic, darling. Letâ€™s make it a cozy day. ğŸ›‹ï¸",ğŸ§£ğŸ›‹ï¸
Confident,Power Dressing,"Tailored blazers, sharp trousers, and statement jewellery.",Power moves only. Youâ€™re ready to conquer! ğŸ‘‘ğŸ”¥,ğŸ‘‘ğŸ”¥ğŸ’ƒ
Energetic,Athletic Vibes,"Athleisure, comfortable joggers, and sporty sneakers.","Get moving, babe. Youâ€™re unstoppable! ğŸ’¥",ğŸ’¥ğŸ‘Ÿ
Calm,Minimalist,"Neutral tones, clean lines, and minimalist aesthetics.","Less is more, darling. Embrace simplicity. ğŸŒ¿",ğŸŒ¿ğŸ¤
Chill,Casual,"Casual, airy clothing that promotes relaxation.",Chill vibes only. Relax and look fabulous. ğŸ˜Œ,ğŸ˜ŒğŸŒ¸
Romantic,Flowing Dresses,"Soft fabrics, delicate floral prints, and romantic silhouettes.",Youâ€™re a dream in that dress! ğŸŒ¹,ğŸŒ¹ğŸ’«
Playful,Bold Prints,"Bold patterns and colours, with fun accessories.","Go bold or go home, gorgeous! ğŸ’…",ğŸ’…ğŸŒˆ
Bold,Edgy Accessories,"Leather jackets, bold boots, and edgy styling.","Make a statement, darling. Rock that edgy style! âš¡",âš¡ğŸ‘¢
Glamorous,Evening Wear,"Glamorous evening gowns, sequins, and luxury accessories.",You own the night in that glam outfit! âœ¨,âœ¨ğŸ’–
Adventurous,Outdoor Clothing,Rugged outdoor clothing for adventurous activities.,Adventure awaits! Get ready for the outdoors. ğŸŒ²,ğŸŒ²ğŸ—ºï¸
Sophisticated,Luxury Fashion,"Clean lines, high-end fabrics, and sophistication.",Elegance is key. You were born for luxury. ğŸ’,ğŸ’ğŸ‘—
Edgy,Grunge-Inspired,"Dark colours, layered clothing, and edgy accessories.","Grunge it up, babe. Be edgy and cool. ğŸ–¤",ğŸ–¤ğŸ§
Chic,Tailored Suits,"Tailored suits, modern silhouettes, and sleek designs.","Chic and sleek, darling. Youâ€™ve got this. âœ¨",âœ¨ğŸ’â€â™€ï¸
Comfortable,Loungewear,Comfortable and stylish loungewear for a relaxed vibe.,"Comfy, cozy, and chic. Perfect for lounging. ğŸ˜´",ğŸ˜´ğŸ›ï¸
Mystical,Bohemian Vibes,"Flowy layers, loose silhouettes, and dreamy colours.",Let your boho spirit fly free! ğŸŒ™,ğŸŒ™ğŸŒ»
Excited,Neon Brights,"Bright neon, bold patterns, and statement accessories.","Turn heads in neon, babe. The worldâ€™s your runway! ğŸŒŸ",ğŸŒŸğŸ’«
Sexy,Figure-Hugging Outfits,"Tight, figure-flattering dresses, and sleek heels.","Show them what confidence looks like, darling. ğŸ’‹",ğŸ‘ ğŸ”¥
Rebellious,Vintage Clothing,"Vintage clothing with a rebellious twist, ripped jeans.","Vintage vibes, letâ€™s go rebellious! âœŒï¸",ğŸ¸ğŸ¤
Confused,Casual Chic,"Comfy clothing, mismatched for a relaxed vibe.",Mismatched? Who cares. Youâ€™re fabulous anyway! ğŸ˜,ğŸŒ¿ğŸŒ
Proud,Bold Slogans,"T-shirts with empowering slogans, and graphic designs.",Stand tall in that slogan tee. Own your truth! ğŸ’ª,ğŸ¨ğŸ’¥
Flirty,Cute Skirts,"Fun, flirty skirts and tops, with delicate accessories.","Flirt with the world, darling. Youâ€™ve got the charm! ğŸ’•",ğŸ–¤ğŸŒ˜
Focused,Tailored Suits,"Sharp tailored suits, professional accessories, and smart shoes.","Focus and slay, boss. Youâ€™re unstoppable! ğŸ‘”",ğŸ‘ŸğŸ’¨
Caring,Earth Tones,"Earthy colours, eco-friendly materials, and soft textures.",Eco-chic! Save the planet in style. ğŸŒ,ğŸ¶ğŸ•º
Curious,Mixing Patterns,Mixing and matching bold patterns for an experimental look.,"Mix it up, make it pop! Fashionâ€™s your playground. ğŸ¨",ğŸŒ¸ğŸ’–
Grumpy,Dark Tones,"Dark tones, oversized clothing for a laid-back vibe.","Dark and moody, but oh so cool. ğŸ–¤",ğŸ’â€â™€ï¸ğŸ’‹
Energetic,Sporty Looks,Sporty looks with a mix of casual and athletic pieces.,"Run, jump, and look fab. Athleisure goals! ğŸ‘Ÿ",âœ¨ğŸ’
Nostalgic,Retro-Inspired,"Retro vintage-inspired looks, and quirky patterns.","Back in time, babe. Retro is the new now! ğŸ¶",ğŸŒ¼â˜€ï¸
Mellow,Soft Pastels,"Soft pastel colours, and airy, relaxed outfits.",Pastels make everything softer. You look angelic! ğŸŒ¸,ğŸ¯ğŸ…
Joyful,Simple Yet Stylish,Simple and stylish pieces for an effortlessly chic vibe.,Youâ€™ve got the look! Effortless style at its finest. ğŸ˜,ğŸ’¥âš¡
